Scotland  East Central Scotland

Trowbridge Weston Super Mare  Bath North East Somerset  Somerset  Wiltshire

Birmingham Coventry Worcester Warwick Leicester Derby Banbury

West Midlands  London

South London   Surre Greater London England

London Docklands City

Southampton  Hampshire  SO14  Hampshire

North West England Manchester Liverpool

East of England  Cambridgeshire  Essex  Suffolk  Greater London  Central London  East London  North London  South London  West L

Dorset  Bournemouth  Poole  Southampton  Andover  Salisbury  Dorchester  Shaftesbury  South West England

Birmingham 

Whitley Village

Croydon   Thornton Heath

Dusseldorf

East of England  Essex  Greater London  Central London

Greater London  Central London  North West England  Greater Manchester  South East England  Oxfordshire

GA   Georgia

SE England  UK

Hemel Hempstead Hertfordshire England

City of London London Surrey Reading Staffordshire West Midlands South East

Near Bristol  Gloucestershire

lancashire

Alfreton  Matlock  Bakewell  Ripley  Hucknall

South Wales  Wiltshire  North Wales  South Wales

Bekshire  Berkshire

Bedfordshire  Dunstable

Kent Chatham ME4 4

Middlesex Southall UB1 1

North West England  Greater Manchester  Scotland  South East England  Berkshire

West Midlands  Staffordshire

South East England  Berkshire  Surrey

London Greater London Central London South East Home Counties

London   EMEA

South East England Hampshire Surrey Berkshire

Lincolnshire and East Anglia Area

South 

Sussex Bexhill on sea TN393

Oxfordshire  England    Berkshire  Oxfordshire  Surrey

WEST END

Exeter  Devon  England

London North East England

South East England   Berkshire    Berkshire

South East England  Bedfordshire  Buckinghamshire

Great Yarmouth Norfolk East

Pakistan

Undisclosed  UK

Greater London  North London

Greater London  Central London  North West England

Marlow Reading Maidenhead High Wycombe Bracknell Slough

West Midlands  Shropshire  Worcestershire

UK Brisbane

Homebased – South East Office 2 3 days a week

Cuffley  Hertfordshire  Hertfordshire

Essex Essex

Greater London  Central London  South London

High Wycombe  Amersham  Maidenhead  Slough

Oxfordshire Buckinghamshire Wiltshire Berkshire

London Manchester Edinburgh Leeds Glasgow Cardiff Birmingham

Slough London Woking Guildford Crawley Redhill Brighton Kent

East Midlands  Derbyshire  Leicestershire  Lincolnshire  Northamptonshire  Nottinghamshire  Greater London  Central London  Nort

Yorkshire   Humber

London Birmingham Manchester Plymouth Southampton Bristol Swansea Oxford Brighton Norwich Derby Exeter Liverpool Newcastle Upon 

Birmingham Bristol

Greater London  Central London  South East England  East Sussex  Hampshire

East of England  Cambridgeshire

Berkeley  Gloucestershire

Houston

Hassocks West Sussex Hurst Green East Sussex

Oxford near Oxford

M4 Corridor  Berks

Rio de Janeiro  Non UK

Greater London  Central London  South West England  Dorset

Reading London Oxford Swindon  South East

Based in the Chichester Area

South East England  Bedfordshire  Buckinghamshire  Hertfordshire

Herfordshire

South  South  UK

East Midlands  Derbyshire  Leicestershire  Nottinghamshire

Loughborough Leicester Nuneaton Birmingham Coventry Kettering Hinckley Rugby

Greater London  Central London  Scotland

LONDON Birmingham Sheffield Leeds Manchester Nottingham Bristol Cardiff Nationwide

Royston  Stevenage Hertfordshire England

Coventry Northampton Milton Keynes Luton Oxford Aylesbury High Wycombe St  Albans Slough Uxbridge Reading Newbury Basingstoke Lo

London Greater London City Watford Slough High Wycombe Uxbridge Luton

Yorkshire and Humber  North Yorkshire  South Yorkshire  West Yorkshire

Glasgow Cambridge Guildford Oxford

London Surrey South East England

Tyne And Wear 

Greater London  Greater London  North London

Cardiff Newport Weston Super Mare Cheltenham Poole Bristol Bournemouth Exeter Yeovil Bridgwater Trowbridge London Slough Newbury

London Kent Aberdeen

Cambridge  South East

South East England Reading

Reading Thames Valley

South West England  Bristol  Gloucestershire  Wiltshire  West Midlands  Herefordshire  Staffordshire  Worcestershire

Cheltenham Gloucester Evesham Bristol Tewkesbury Worcester

South East England  East Sussex  Kent  West Sussex

South East England  Kent  Surrey  West Sussex

Home based with UK travel

London Romford Essex

Guildford  UK

Manchester Warrington Stockport Cheshire

Located in Oxford

UK   China Lincolnshire England

Hong Kong  Greater London

East Midlands  East of England  Greater London  Central London  North East England  North West England  Northern Ireland  Scotla

London Birmingham Bristol Manchester South East Nationwide Travel

South East Thames Valley Home Counties South Central South East Thames Valley Home Counties South Central

Kent   Sidcup

Cuyahoga Falls

Stevenage Cambridge Bedford Milton Keynes

cambridge cambridgeshire Cambridge

South Bucks

South  UK

East Midlands  East of England  Norfolk  Suffolk  West Midlands

Heathrow Hayes Hounslow Reading Watford London

London or West Yorkshire  UK

Aberdeen City 

Kidlington Oxfordshire

East Midlands East London South East England Coast West Midlands

hampshire  South East

Greater London  Central London  East London  South East England

North East England Central Scotland Teesside Grangemouth

Redhill London Reigate

manchester Greater Manchester England

Gravesend  Greater London  Kent

County Kildare Leinster

Coventry  England  Leicestershire

Coulsdon  Surrey

South East England  Hampshire  South West England  Dorset

Edinburgh and Newcastle

South West England  Bristol  Devon

Saudui Araia

Gatwick Surrey

Buckinghamshire  Greater London

Surrey  England    Berkshire  Surrey

Lanarkshire Motherwell ML1 1

South Africa

Maidstone Aylesbury Kent Larkfield

Czech Republic  Greater London

Basingstoke 

East Midlands  West Midlands  Staffordshire

UK Sydney

High Wycombe Buckinghamshire Berkshire Slough West London

Milton Keynes Bedford Luton Northampton Buckingham

Dundee   Tayside

Rotterdam Zuid Holland

Feltham London Oxford Hertford Buckingham Middlesex Newbury Basingstoke Reading Watford High Wycombe Windsor St Albans Hounslow 

North East England  Tyne   Wear

Greater London  North West England  South East England  West Midlands

Dorset 

St Albans  London

London Shoreditch East London

Scotland North East

East Midlands  Nottinghamshire  South East England

North East England  North West England  Cheshire  West Midlands

Home based with UK travel   able to get to Sheffield and the Midlands

Northampton  England  Greater London  Central London  Northamptonshire

Greater London  Central London  East London  North London  South London  West London

South West England  Bristol  Gloucestershire  Somerset

North West   Travel  North West

South East England  Hampshire  Europe

Al Khobar   Saudi Arabia  Non UK

Bristol Swindon Bath Wiltshire Cardiff Somerset

MAIDENHEAD

South East England  Buckinghamshire  Oxfordshire  Surrey

London Manchester can be either

Herts  Beds and Bucks

London   UK wide

West Yorkshire Sheffield

Central London London London The City

South East England  Surrey  West Sussex

Burntwood Staffordshire England

Amsterdam  The Netherlands  Greater London

South West England  Bristol  Gloucestershire  Wales

North West England  Merseyside

Essex London Kent Hertfordshire Cambridgeshire Bedfordshire

London South East England The City South East London Victoria West London East London North London Essex Surrey Hertfordshire Bu

Barnet Hertfordshire England

Yarmouth  UK

North West England  Greater Manchester  West Midlands

Hertfordshire  London  Bishop s Stortford  Borehamwood  Cheshunt  Hertford  Potters Bar  St  Albans  Watford  Welwyn Garden City

Winkfield  England

North West England  Greater Manchester  West Midlands  Yorkshire and Humber  West Yorkshire

Oldbury   Walsall  Greater Birmingham

London or Oxford

Woking  Reading  Chertsey  West London  Leatherhead  Hampshire  Surrey  Berkshire

East Midlands  Derbyshire  Leicestershire  Lincolnshire  Northamptonshire  Nottinghamshire

Glasgow  Cambridgeshire  Surrey  UK

Normanton Leeds Huddersfield Bradford Dewsbury Wakefield Barnsley Doncaster Sheffield York

UK Europe

Greater London  Central London  Wales  South East Wales

London and Surrounding Areas

Germany  Belgium  Netherlands  Spain  Poland

Norfolk Not Specified

South West England  Gloucestershire  Wiltshire

East of England  Cambridgeshire  South East England  Bedfordshire  Hertfordshire

design and project engineer   Buckinghamshire   30 35 p

Surrey Crawley Epsom West Sussex

Rotherham South Yorkshire Yorkshire and the Humber

East Midlands  East of England  Greater London  North East England  North West England  South West England  West Midlands  Yorks

Surrey London South West London Richmond Surrey Kingston Surrey Esher Surrey

East Midlands  West Midlands  Worcestershire

South West England  Gloucestershire

Redhill Crawley East Grinstead

South East England  Berkshire  South West England  Wiltshire

East of England  Suffolk

UK Perth

Bedford Stevenage Gloucester Bristol

Sydney North Sydney

South West England  Bristol  Yorkshire and Humber

northamptonshire Northamptonshire

Leeds Yorkshire Bradford Halifax

North West England  Greater Manchester  Merseyside

North West England  Greater Manchester  Yorkshire and Humber  West Yorkshire

East Riding of Yorkshire  England    Kent  Gloucestershire  Humberside

Coventry Gaydon Castle Bromwich

Stevenage Cambridge St Neots Milton Keynes

Kent Rochester

East Midlands  Derbyshire  Nottinghamshire  North West England  Cheshire  Lancashire

London   South East  South East

London Hounslow TW3 1

Yorkshire and Humber  East Riding of Yorkshire  North Yorkshire  South Yorkshire

East of England  Essex  South East England  Hertfordshire

London Birmingham Manchester Plymouth Bristol Derby Liverpool Carlisle Glasgow Dumfries Taunton Aldermaston Barnwood Somerset Re

uk

West Yorkshire  North Yorkshir

All along the south coast from Bournemouth to Brighton and all residing areas  East Sussex  Hampshire  Isle of Wight  West Susse

London Berkshire Surrey Middlesex Kent Essex Oxfordshire Hertfordshire

Coventry  West Midlands  Birmingham  West Bromwich  Dudley  Wolverhampton

Marlow  Leeds or Field Based

Channel Islands  Greater London  Channel Islands  Isle of Man

Uxbridge  West London  South East

East Midlands  Derbyshire  Leicestershire  Nottinghamshire  West Midlands  Herefordshire  Shropshire  Staffordshire  Warwickshir

Wandsworth  Greater London  South London

East Midlands  Nottinghamshire  Greater London  Central London  North London  North West England  Greater Manchester  Yorkshire 

Greater London  South London

Aberdeen Scotland Aberdeenshire

Reading Berkshire Slough Maidenhead Oxfordshire Henley Newbury

Armagh County Down Antrim

North West England  Greater Manchester  Scotland

West Yorkshire  England  North

Knightsbridge  London

Girton

North West England  Yorkshire and Humber  West Yorkshire

NORTH LONDON  Greater London  North London

Greater London  South East England  Berkshire  Buckinghamshire  Hampshire  Hertfordshire  Oxfordshire  Surrey

Southwestern Northwest Territories   Fort Liard   Non UK

West Midlands  England  South East

Derbyshire  Leicestershire  Lincolnshire  Nottinghamshire  Rutland  South Yorkshire  East Midlands  East Yorkshire

Feasterville Trevose

Greater London  North West England  Greater Manchester  South East England  South West England

South East England  Buckinghamshire  Oxfordshire

London  The City  Essex

Berkshire Buckinghamshire Surrey Hampshire Middlesex London Wiltshire

Basingstoke  Berkshire

London  Southwest  Scotland  England

North West England  Cheshire  Greater Manchester  Lancashire  Merseyside  Yorkshire and Humber  South Yorkshire  West Yorkshire

Reading London Swindon Oxford

Manufacturing Engineer   UK China   Contract  East Midl

South West England  Devon

barnsley  yorkshire  west yorkshire  north east  North Ea

Birmingham Coventry Banbury Northampton Oxford Derby Wolverhampton Leicester Worcester Gloucester Luton Guildford Basildon Cambr

London Stokenchurch

Colchester  England  Essex

EastLondon  London

Ireland

Cardiff City of London

Harrow  North London

South West  Bath North East Somerset  Bristol  Wiltshire

Iraq  Non UK

Leicestershire  Derby  Coventry  Nottingham  East Midland

Kent Kent Surrey London South East

beckenham  South East

East Midlands  Greater London  North West England  South East England  South West England  West Midlands  Yorkshire and Humber  

London  Sheffield

London Islington

London Waterloo

Stevenage Luton Welwyn

Southern home counties

Bedford  Greater London  Central London  East London  North London  South London  West London  Leicestershire  Lincolnshire  Nor

London Cambridge Surrey East Sussex Kent Hertfordshire Essex

Lancashire Oldham

loughborough leicestershire Loughborough

Test Engineer   UK China   12 months minimum  Non UK

Nationwide  Hampshire

Centra London

City of London docklands reading kent hertfordshire surrey guildford slough middlesex southeast sussex

South East England  Berkshire  Hampshire

Worcester WR8

South East England   Buckinghamshire    Buckinghamshire

East Sussex South Coast

lancashire north west

North West England  Yorkshire and Humber  South Yorkshire  West Yorkshire

North East England  Tyne   Wear  Yorkshire and Humber  North Yorkshire

South East England  Berkshire  Buckinghamshire  Oxfordshire

Oxford Reading Berkshire Oxfordshire Coventry Abingdon Didcot Thame Aylesbury Newbury Maidenhead Bracknell

Hertfordshire Potters Bar EN6 1

Kabul  Afghanistan  Non UK

Greater London  South East England  South West England

East Midlands  West Midlands

Greater London  Central London  West London

Broad Street GP   Walk in Centre

Greater London  Central London  North West England  Greater Manchester

Central Scotland  Glasgow – Edinburgh 

Green Bay

East of England  Cambridgeshire  South East England  Hertfordshire

east London  London

Central London  London  UK

Fife  UK

Wales South Wales

North West England  Cheshire  Yorkshire and Humber  West Yorkshire

Dumfries And Galloway

Yorkshire and Humber  South Yorkshire

South West England  Cornwall   Isles of Scilly

Europe  Rest of the world

North East England  North West England  Yorkshire and Humber

Surrey Surrey Berkshire London Greater London South west london

LONDON Nationwide

London Reading Guildford Southampton Bristol Brighton Maidstone Harlow Cambridge Peterborough Luton Northampton Oxford

Bristol or London

Greater London  Central London  South East England  West Sussex

West London Surrey Middlesex Reading Berkshire London

Woking Guildford London Surrey

Brighton  UK

South East England  Hampshire  West Midlands

London  Home Counties  South West  Midlands  North West

International  UK

West Midlands  Surrey

Merseyside  Cheltenham or London    Greater London  Central London  Teeside  Gloucestershire

Cambridge  Northamptonshire  Cambridgeshire  Buckinghamshire

Leeds  West Yorkshire  Humberside

Rochdale  Greater Manchester  England

St Boswells  Borders

London Berkshire Essex Hertfordshire Buckinghamshie Kent Surrey Bedforshire

Germany Frankfurt am Main

London Scotland

North West England  Lancashire  Yorkshire and Humber  North Yorkshire

Dublin City Centre  Dublin West

Central london  London

Brighton  Glasgow or Altrincham

Flintshire  Wales    Cornwall  North Wales  West Yorkshire

East Midlands  Northamptonshire  East of England  Cambridgeshire

Wales  North East Wales  North West Wales

South East England  Bedfordshire

Surrey Maidenhead Hampshire Guildford Portsmouth

London City UK Soho nationwide essex kent surrey

Wakefield  South Yorkshire  West Yorkshire

London Wakefield Scotland Birmingham

Greater London  North London  South East England  Hertfordshire

Woodford Green  London

London South East London South East England

South West England  South West England  Bristol  Bath  Gloucestershire  Avon  Somerset  Wiltshire  Dorset  Devon  Cornwall

Portsmouth  Hampshire  West Sussex

East Midlands  East of England  Cambridgeshire  Essex  Norfolk  Suffolk  Greater London  South East England  Bedfordshire  Bucki

Durham  Tyne And Wear

High Wycombe Marlow Maidenhead Oxford Slough Uxbridge Watford

Dorset  South West England  Hampshire  Berkshire  London  Surrey  Midlands  Wiltshire  Home Counties  South East England

Portsmouth nr Portsmouth Hampshire

Watford  Buckinghamshire

North west London  London

Spalding  Lincolnshire  Grantham  Lincolnshire  Sleaford  Lincolnshire

Crewkerne  Somerset  UK  Somerset

South of England  UK

London  West London  Berkshire  Greater London  West London

SE London

Suffolk England

Portsmouth   Southampton  Hampshire

UK Sutton In Ashfield

Waltham Forest  Greater London  East London

South Downs College  College Road  Waterlooville  Hants  PO7 8AA

Greater London  Central London  South London  West London

Whitley Coventry

South England London South East England South West England Wales

Cambridge  Leicester  Essex  Bedford  Hertfordshire  London  East London

Polaris House  Swindon    Wiltshire

East of England  Norfolk

Uxbridge Buckinghamshire London

Winchester  Hants  SO21

SOUTHWATER  HORSHAM  West Sussex

Scotland  South East England  Buckinghamshire

Uxbridge Heathrow West London Berkshire Home Counties Middlesex

bradford  West Yorkshire

London  Surrey  Berkshire  Middlesex  Buckinghamshire    Greater London  Berkshire  Buckinghamshire  Surrey

South East England  Hampshire  South West England  Wiltshire

Uk wide  UK

Salisbury   Bournemouth

East Midlands  Northamptonshire  East of England  Cambridgeshire  South East England  Bedfordshire

East Midlands  Derbyshire  North West England  Cheshire  West Midlands  Staffordshire

Glasgow  Glasgow City  Scotland

Cambridge Peterborough East Anglia Norfolk

Cuffley  Hertfordshire

Based in the Chichester Area  West Sussex

East Midlands  South East England  West Midlands

and A1 Corridor

Horley   West Sussex

Ealing London England

Brentwood Basildon Romford Chelmsford Enfield Grays Watford Hertford Harlow

South West London Kingston Surrey West London

Hull  Scunthorpe  York  Leeds  Grimsby  Immingham  North

UK Dubai

East Sussex Kent Surrey Crawley Maidstone East Grinstead Canterbury Ashford Tonbridge Tunbridge Wells Sevenoaks Uckfield Faversh

London Surrey

Nottingham  Nottinghamshire  Herefordshire

UK South East Midlands

Greater London  West London  South East England

Yorkshire  Staffordshire

North East England  Scotland

North East England  South West England  Dorset

Romney Marsh  Kent

South West England Oxfordshire

North West  West Midlands

Greater London  Central London  South East England  Hertfordshire

Cambridge Science Park

West Midlands Uk Europe

UK Hartlepool

London and UK wide  UK

Essex Bradwell On Sea London Birmingham Manchester Plymouth Bristol Oxford Norwich Derby Exeter Liverpool Carlisle Glasgow Dumfr

North East England  Durham  North West England  Cumbria  Lancashire

Royal Victoria Dock

London Manchester Home Based

Greater London  South East England  West Midlands

Hertfordshire  England  South East

Home Based with 50 75  travel  UK

Bedfordshire 

Greater London  Central London  North West England  Cheshire  Greater Manchester

London Kent Essex Surrey Hertfordshire Berkshire Middlesex

London 5 minute walk from London Bridge mainline train station

Greater London  Central London  Yorkshire and Humber  South Yorkshire  West Yorkshire

New York

UK Alice Springs

North West England  Cheshire  Lancashire

Manchester Bolton Stockport Preston Blackpool Lancaster Warrington Liverpool Birmingham Wolverhampton Derby Salford Stoke On Tre

London South East Hampshire Surrey Berkshire Greater London

Calderbridge  Cumbria

Swansea  Cardiff  South Wales  Merthyr Tydfil

Middlesex  Greater London  North London

City of London City of London   Shoreditch

Southern based 

Herts  England

London   Inside M25  Greater London

Berlin  Non UK

Midlands  Derby

West Midlands  Shropshire

Ratcliffe Power Station  Nottinghamshire

East Midlands  Derbyshire  Nottinghamshire  Greater London  North West England  South East England  Yorkshire and Humber  South 

London with Global Travel

London Middlesex

Rochdale  Greater Manchester  England  North West

Thornton Heath  Surrey

Based Richmond  Surrey with frequent European travel

UNITED KINGDOM

Uk Nationwide London Swindon Bristol Birmingham Leicester Cambridge Nottingham Leeds Sheffield Liverpool Manchester Stoke On Tre

CA   California

Hammersmith and Fulham  England

South London South London

City  London  Greater London  Central London

East Midlands  Northamptonshire  South West England  Devon

City of London Croydon South London South East Brighton Sussex Surrey Kent Crawley Worthing Eastbourne

Leeds Manchester Sheffield Liverpool Birmingham Nottingham Derby Milton Keynes Reading Bracknell London

south england  Middlesex

West london  Greater London  West London

North West England  Greater Manchester  South West England  Devon  Yorkshire and Humber  West Yorkshire

East Midlands  Northamptonshire  West Midlands

Greater London  South East England

Stockton on Tees County Durham England

leicestershire Leicestershire

Scotland   Various Locations  Scotland

South East England  East Sussex  Kent

Uk Ireland

Novelty

East of England  Essex  South East England  East Sussex  Hampshire  Kent  Surrey  West Sussex

Milton  England

West Midlands  Warwickshire  Worcestershire

Yorkshire and Humber  North Yorkshire

London Greater London Buckingshire Berkshire Greater London Reading Oxfordshire Hampshire

North England Kent

Central London West London South East London East London North London

Marlow  Maidenhead  SL7  Buckinghamshire  Berkshire  Middlesex  Hemel Hempstead  Reading  Bracknell  Home Counties  South East E

London Hertfordshire Essex Kent Sussex Surrey Berkshire Buckinghamshire Middlesex

Somerset   Castle Cary

Sundridge

London Central London Oxford

Hampshire  England    Cambridgeshire  Hampshire  Oxfordshire

Brentwood Essex England

Greater London  Central London  Yorkshire and Humber  North Yorkshire

Greater London  East London

Guildford 

North England North East England Manchester Leeds Derbyshire Yorkshire South England South East England Oxford London Bristol Wi

London  Berkshire  Hertfordshire  South East

Midlands East Anglia

Luton Bedfordshire Luton Bedfordshire

Kilmacanogue Dublin  Ireland

Dallas

Birmingham West Midlands London

119     Berkshire

Italy Parma

Newcastle Upon Tyne Tyne and Wear

Sheffield  Rotherham  Chesterfield  Barnsley  Doncaster  Derby  Nottingham  Leeds

South England Hampshire Basingstoke Winchester Southampton Reading Newbury Guildford Bracknell South East England

Norfolk  Suffolk  Essex  Cambridgeshire and Bedfordshire  Cambridgeshire  Essex  Norfolk  Suffolk  Bedfordshire

East Midlands  Nottinghamshire  Yorkshire and Humber  South Yorkshire

Unity

West Midlands  Worcestershire

South East England  Buckinghamshire

Old Street  London

SALISBURY

South West 3 days per week 

England  London  Surrey  Berkshire  Middlesex  Buckinghamshire     Greater London  Berkshire  Buckinghamshire  Surrey

Emersons Green  Avon

Rochester Kent

Comberton Caldecote Cambridgeshire Great Eversden

South East  Thames Valley  Home Counties  South Central

Hampshire  England  Berkshire  Hampshire  Surrey

Warton

East Midlands  Lincolnshire  South East England

North Midlands   North West

South London Kent

Angola  Non UK

England South East

Adelaide

Nr Bracknell

Birmingham Coventry Leicester Detrby Wolverhampton West Midlands

Glasgow Shetland Aberdeen

Kent West Sussex East Sussex Brighton

North West England  Manchester  Liverpool  Wirral  Cumbria  Lancashire

Aberdeen Scotland Uk Aberdeenshire

FCA   Hampshire   Immediate Start

east midlands

Melbourne

Commutable to South West 

South West England  Wiltshire

Nottingham Nottinghamshire Derbyshire Leicestershire West Midlands Birmingham South Yorkshire Birmimgham Lincolnshire Staffordsh

Hounslow Reading London Watford Heathrow

Central London  W1 

Greater London  South London  South East England  East Sussex  Kent  Surrey  West Sussex

Ideally Benelux region  Non UK

North West England  Greater Manchester  Lancashire

City of London Edinburgh Glasgow Scotland London Newcastle Yorkshire Chesire Manchester Nottingham Birmingham Southampton Wales 

Park

Hertfordshire   North London  London

Edinburgh  Glasgow  Falkirk  Livingston  Motherwell

Greater London  Europe

Camberley Woking Bracknell Fleet Hook Reading Hampshire Berkshire Surrey Middlesex

Nottingham Derby Leicester Burton On Trent Mansfield Loughborough

North East England Durham Darlington Middlesbrough Hartlepool

London Manchester Liverpool Newcastle Upon Tyne Birmingham Southampton Cambridge Sheffield Leeds Bristol Carlisle Exeter Peterbo

Staple Hill  Bristol

Yorkshire and Humber  South Yorkshire  West Yorkshire

Surrey Coulsdon CR5 1

Greater London  West London  South East England  Berkshire  Buckinghamshire  Hampshire  Oxfordshire  South West England  Bristol

South East  Greater London  Central London  East London  North London  South London  West London  Northamptonshire  Cambridgeshi

Swansea Ammanford Gorseinon Felindre Clydach Reynoldston

South East  Greater London

North West London London England

Home Office split  Commutable to the Midlands 

Greater London  Central London  West Midlands

c 60k plus car   bonus

East Sussex  UK

Edgware Road  NW1 5DT

London Bristol Portsmouth Birmingham Nottingham Manchester Liverpool Leeds Sheffield Newcastle Upon Tyne Cambridge Peterborough 

East Midlands  East of England  Greater London  North East England  North West England  Northern Ireland  Scotland  South East E

Dunstable Luton St  Albans Milton Keynes

London Hampshire England

Carmarthenshire Pembroke Milford Haved Llanelli Swansea

UK Georgia

East Midlands  East of England  Greater London  South West England  West Midlands

Greater London  North London  South London  West London  South East England  Bedfordshire  Berkshire  Buckinghamshire  Hampshire

Berkshire Surrey Hampshire London Oxfordshire

Northampton Worksop

South West England  West Midlands

Cheshire Sandbach

Cumbria North

West Kilbride  Scotland

E1  London

North West England  Cheshire  Greater Manchester  Lancashire

Middlesex  England    Cambridgeshire

Maidstone SDevenoaks GIllingham Kent South east

North West England  Greater Manchester  Yorkshire and Humber  South Yorkshire

Brazil

133    Avon  Avon

North West England  Cheshire  Cumbria  Greater Manchester  Lancashire  Merseyside

South West England  Dorset

North West England  Cheshire  South West England  Wiltshire

Watford  Hertfordshire  England  South East

Reading Surrey Middlesex Kent Essex London Oxford Bristol

Broadview Heights

halifax west yorkshire Halifax

St Albans St Albans Hertfordshire Hatfield Hamel Hampstead Watford Harpenden Luton Bedfordshire Amersham Buckinghamshire Harlow 

South West London  Surrey  

Bristol Monmouthshire CHELMSFORD LONDON NORWICH BRISTOL

Worcester Cheltenham Gloucester Redditch Swindon Bristol Hereford

North Lincolnshire North Lincolnshire

London WC1H  Greater London  Central London

South West England  Gloucestershire  Wales  Mid Wales  North East Wales  North West Wales  South East Wales  West Midlands  Here

Minnesota

UK Netherlands

Birmingham  England    Lincolnshire  South Yorkshire

Manchester    Cheshire  Cumbria  Greater Manchester  Lancashire  Merseyside

Netherlands  Greater London

Maidenhead London Berkshire Middlesex Reading Home Counties South East England

Kent Surrey Essex London Maidstone Faversham Rochester Gillingham Rainham Canterbury Tonbridge Ashford Tunbridge Wells Sevenoaks

East Grinstead  Royal  Tunbridge Wells  Crawley  Guildford  Leatherhead  Reigate  Horsham  West Sussex  East Sussex  Surrey  Lon

East Midlands  Leicestershire  Asia

Rugby  Warwick  Coventry  Leicester  West Midlands

Greater London  Central London  South East England  Oxfordshire

Greater London  Central London  South East England  Kent  Surrey

Middlesex West London Berkshire Buckinghamshire Surrey

London Camden NW1 0DU

EAST LONDON  London

North of Scotland  Scotland

North West England  Cheshire  Greater Manchester

North East England  North West England  Scotland

Warwickshire Leamington Spa Coventry Birmingham Warwick

North West   Home Based

London Birmingham Plymouth Southampton Bristol Swansea oxford Brighton Norwich Derby Exeter Dover Stoke Basingstoke Cheltenham P

Greater London  South East England  Berkshire

Lanarkshire   Bellshill

Hampshire Dorset  South East  South West

Merseyside  North Yorkshire  South Yorkshire  West Yorkshire  Yorkshire  East Yorkshire

staffordshire Staffordshire

