Aylesbury Luton Milton Keynes Buckinghamshire Northamptonshire Bicester High Wycombe

Berkshire   with some travel

Earls Barton  Northampton

Liverpool Merseyside Flintshire Chester Wrexham

Alnwick  North

Lazio

Ipswich  Suffolk  Suffolk

North West England  Midlands

Gaydon  Warwick  West Midlands

Mainland Europe

South Wales  Wiltshire  South Wales

Leyland Chorley Wigan Warrington North West England

Based in Cheshire with UK and EU Travel

Bangor Manchester Liverpool Stockport Leeds Bradford Wigham Preston

North West England Cheshire Manchester Merseyside

Wales Cwmbran

West Sussex East Sussex Kent Surrey South East England London

Abingdon Reading Swindon Oxford

Weston Super Mare  Bristol

South Manchester  North West

Leeds  Manchester  Newcastle  UK  North

North West  Midlands  East Midlands

Fawley

Cheshunt Hertfordshire

London Home Counties South East Surrey Essex Kent Hertfordshire West Midlands East Midlands South West

Home based  Occasional travel to home counties office 

Birmingham  Coleshill  Warwick

Coventry derby stoke on trent manchester leeds northampton birmingham bristol oxford norwich peterborough nottingham leicester l

Surrey West Sussex East Sussex Kent Berkshire Buckinghamshire London Middlesex

South East England England

Slough  Berkshire  M4  Berkshire

Portsmouth Hampshire Southampton Chichester Sussex

Heelis  Swindon  with option to work part of the week from our London office 

South Hampshire

Farnborough  Guildford  Aldershot

Oxfordshire Oxford Banbury Witney Bicester Henley on Thames Carterton Thames

Middlesex Brentford

Sutton  Surrey  or Bristol Based

London Northampton Grays Bedford Maidstone Reading Oxford Crawley Watford

BASINGSTOKE  HAMPSHIRE  Hampshire

Grays  New Cross

Northamptonshire  England    Northamptonshire  Oxfordshire

Scotland Aberdeenshire Aberdeen Dundee and Scotland

Home based role   Ideally Southern or Midlands based due to company and account location

commutable from Cheltenham  Bristol and Swindon  Gloucest

Guildford in Surrey   Commutable from South  East and West London  Greater London  East London  South London  West London  East 

North West England Uk

Belfast  N  Ireland

Cambridge Peterborough Norwich Ipswich Colchester Chelmsford Harlow London Luton Milton Keynes Northampton Maidstone Ashford Dar

Aberdeen Dundee North East Scotland

Slough  Buckinghamshire

Old Trafford Greater Manchester

Leeds  Sheffield  Newcastle  York and Middlesbrough

Horsham  Kent  Oxfordshire  Surrey  West Sussex

Herts  Berks  Bucks  Essex   Herts  Berks  Bucks  Essex

Conisbrough  North

Cannock  Shropshire

Slough Berkshire Reading London

Battersea  London 

Hertfordshire  West Midlands  South East England  London

Leamington Spa Warwickshire

worcester  Hereford Worcestershire

Bristol Bradley Stoke

Barnsley Gloucestershire

Vancouver  Canada  Non UK

London  Greater London  Central London  East London  North London  South London  West London  Cambridgeshire  Essex  Norfolk  Su

Wigan   Manchester

Central London   NW1

Leeds Bradford Manchester Halifax Sheffield Yorkshire

heathrow  England

Wythall  Birmingham

Borehamwood  England

Macclesfield St  Albans

North UK M62 region 

Surrey Berkshire Border  Surrey

Germany Munich

Northampton Kettering Leicester Wellingborough Milton Keynes Northampton Kettering Leicester Wellingborough Milton Keynes

Berkshire  Berkshire  Buckinghamshire

Bishopbriggs

North Kent  Kent

Edinburgh City

Cambridge  Cambridgeshire  Norfolk  Suffolk

Blackheath  London

Southampton  Portsmouth  HAMPSHIRE  Hampshire

Crewe Manchester Liverpool Preston Warrington Birmingham Stoke On Trent Wrexham Chester Oswestry Telford Wolverhampton Macclesfi

Scotland  Livingston

Halifax West Yorkshire South Yorkshire Lancashire

Edinburgh or Roslin

Reigate REIGATE REDHILL SURREY HORLEY

Dorset London

South East  Berks   Berkshire

Surrey Middlesex

Cambridge  England    Cambridgeshire  Hampshire

Nottingham nottinghamshire derby lincoln sheffield northampton east midlands

London Kent Essex Hertfordshire Bedfordshire Surrey Oxfordshire Birstol Swindon Buckinghamshire Berkshire Middlesex

Scotland  Northeast  Glasgow  Edinburgh  Tyneside  Scotla

MELKSHAM  WILTSHIRE

National  Greater London  Central London  East London  North London  South London  West London  Derbyshire  Leicestershire  Linc

Nationwide  working from home

Herts  Hertfordshire

Central London EC3A

London South East Surrey Hampshire

Scotland England Northern Ireland

Cumbernauld  North Lanarkshire  Scotland

lincoln lincolnshire Lincoln

Leicestershire  Leicester  Nottingham  Derby  Northampton  Coventry  Leamington Spa  Warwick  Nuneaton  Kettering  Corby

East Sussex Sussex East Sussex Lewes Eastbourne Bexhill Tunbridge Wells

South East   Thames Valley  South East

Cambridgeshire England East of England Northamptonshire Norfolk Hertfordshire Suffolk Bedfordshire

Cheshunt Hertfordshire Hertfordshire

Newcastle Upon Tyne Durham Medway Sunderland Darlington Carlisle

Lancashire Bolton Blackburn Preston Manchester Halifax Wigan Burnley North West Oldham

BRIGHTON  EAST SUSSEX

Reading Oxford Slough Maidenhead Swindon Basingstoke Berkshire Oxfordshire

London Surrey Birmingham Manchester

BRADFORD BRADFORD

EC2

North West England Manchester Cheshire

UK Hoddesdon

South East London Kent

Basingtoke  Hampshire  Hampshire

Sussex East Sussex England

Coventry  Leamington Spa  Birmingham  West Midlands

Derby Nottingham Midlands Leicester

Coleshill Warwickshire England

Basildon Essex Wickford Billericay Brentwood Corringham Canvey Island

High Wycombe Maidenhead Beaconsfield Chesham Gerrards Cross Buckinghamshire

RG14

Hertfordshire London Buckinghamshire Hertfordshire

Egham  UK

Oxford Reading Aylesbury Gloucester Cheltenham

Surrey  Croydon  West Sussex  Surrey

Leicestershire  England    Greater London  Leicestershire  Oxfordshire

Cardiff  Bath North East Somerset  Bristol  Gloucestershire  Herefordshire

Ipswich  England  Suffolk

Home Based Reading Milton Keynes South East England London Slough Windsor Basingstoke Marlow High Wycombe Newbury Bracknell

Brent  Greater London  West London

North England Yorkshire Lancashire

Hertfordshire London Buckinghamshire Hertfordshire Field Based

Camberley Basingstoke Reading Guildford

Northampton  UK

Redhill  Chelmsford  Surrey  Essex

Clarion

Bury St  Edmunds  England  Suffolk

North London Enfield St Albans Watford London Edgware Tottenham Barnet Cheshunt Wembley Ilford Romford Hemel Hempstead Harlow St

Bristol South West England South Wales Avon Gloucestershire Wiltshire

Stoke Staffordshire England

Essex London E4 7

Tidworth  Hampshire

HITCHIN

Berkshire Newbury Reading Maidenhead Basingstoke Ascot Hungerford Thatcham Windsor

Farnborough Reading Winchester

South Coast East Sussex

81  UK  Northampton  Northamptonshire

Birmingham Coventry Wolverhampton Derby Stafford Stoke on Trent

Northamptonshire Old NN6 9

Banbury Stratford Upon Avon Leamington Spa Coventry Solihull Gaydon

Uk  South England  Midlands  West Midlands  East Midlands

35 65 000   Great Benefits  Greater London  Central London  East London  North London  South London  West London  Derbyshire  L

Bradford  West Yorks West Yorkshire England

Kingswood  Buckinghamshire

Westminster London

Somerset  Wiltshire  Devon  South West

Monmouthshire   Chepstow

oldbury  Gloucestershire

Bradford Leeds Bradford Huddersfield Keighley West Yorkshire

Hertfordshire home counties UK

W  LONDON  West London  UK

Edinburgh Glasgow Stirling Newcastle Upon Tyne

SWANSEA  Mid Wales  South Wales

South West England  Bath North East Somerset  Bristol  Gloucestershire  Somerset  Wiltshire  Herefordshire  Shropshire  Stafford

Yorkshire North Yorkshire West Yorkshire Humberside North Lincolnshire Yorkshire North Yorkshire West Yorkshire Humberside North

Kent Essex London Hertfordshire Bedfordshire Berkshire West Sussex East Sussex Hampshire Surrey

Berkshrie

Newcastle under Lyme  England

Milan

Central

Cambridge Cambridgeshie

Chester  Cheshire  England

Stanlow 

NEW MILTON  HAMPSHIRE  Hampshire

Cambridge UK

Huddersfield  North

Birmingham  Worcester  Coventry  Birmingham

Fife Falkland

UK Paris

Coleshill  Birmingham

Various  London

Central London London LONDON CAMBRIDGE BRIGHTON CROYDON

Derby Huddersfield Sheffield Wakefield Scunthorpe Stockport

Cumbria  Durham  Humberside  Northumberland  North Yorkshire  Tyne and Wear  Middlesborough

Oxfordshire London

Cornwall and the Isles of Scilly

New York or London

Norwich Lowestoft Thetford Great Yarmouth

Maldon  Essex  Essex

City of London in Canon street nearest tube Canon street station

West Midlands Birmingham Midlands Coventry

Berkshire  with flexibility to work some of the time in central London

Aberdeenshire Aberdeen Dundee Forfar Stonehaven Montrose Arbroath

Commutable from Bradford  Halifax  Leeds  Huddersfield  W

Berkshire Maidenhead Windsor Reading Slough West London Pinner High Wycombe Woking Guildford Buckinghamshire

Peterborough  Cambridgeshire  Norfolk  Uk  Lincolnshire

Broxburn  Lothian

Salt Lake City

North London  England    Greater London  North London  Derbyshire  Norfolk

ESSEX  Essex

Ingatestone Essex South East

Cramlington Nationwide

HASTINGS  East Sussex

Coventry  Birmingham  Banbury  Northampton  Oxford  Derby  Wolverhampton  Leicester  Worcester  Gloucester  Luton  Guildford  Ba

cumbria England

Clay Cross  Derbyshire  Derbyshire  Leicestershire  Lincolnshire  Northamptonshire  Nottinghamshire  Tyne Wear

City of London West London

London Reading Southampton Birmingham Portsmouth Brighton Oxford Exeter Weymouth

North East  UK

Central London  Soho

North England Manchester

Rugeley  Staffordshire  England  Staffordshire

Bristol  Bath  Swindon  Gloucester  Chippenham  Cirencester  Bridgwater  Taunton  Yeovil

Staines Sunbury On Thames London Maidenhead Woking Reading Farnborough Basingstoke

Howden  England

East Sussex Brighton

Oxfordshire Farnborough OX128

Guilford  Surrey

West Midlands Cheshire Shropshire Derbyshire Birmingham Field Based

Bradford  Lancashire

South West    Bath North East Somerset  Bristol  Cornwall  Devon  Dorset  Gloucestershire  Somerset  Isles of Scilly  South Wale

West Yorkshire WEST YORKSHIRE LEEDS

UK Isle of Man

Scotland  Uk  Inverness

Neath Port Talbot  Neath Port Talbot

London  South east

London W5

City  Greater London  Central London

Tyne and Wear  Tyne Wear

Culdrose

Portsmouth  Southampton  Petersfield  Havant  Chichester

England  Derbyshire  Leicestershire  Lincolnshire  Northamptonshire  Nottinghamshire  Cambridgeshire  Essex  Norfolk  Suffolk  D

East Sussex West Sussex Surrey Kent London

Hertfordshire and residing areas  Hertfordshire

Northampton  Leicester  Rugby  Coventry  Kettering  Milton Keynes  Corby

Southend  England

London or Huntingdon  Cambridgeshire – flexible on location

Henley On Thames  England

North East Yorkshire

Warwickshire Rugby Leicester Derby Northampton Birmingham East Midlands London West London

Leamington Spa Warwick Coventry Rugby Birmingham

Reading  M4

THURSO

Barnsley  Gloucestershire  England  North East

Home Based Birmingham Manchester Coventry Reading London Surrey Worcester Cambridge Buckinghamshire Milton Keynes

Ireland  Northern Ireland

Aberdeenshire Aberdeenshire Scotland

Lancashire Blackpool Birmingham London Berkshire Surrey Hampshire Leeds Sheffield Liverpool Manchester Blackburn Bolton Southpor

St  Austell  Cornwall

WEST YORKSHIRE

Warrington or Cumbria  UK

Beccles Suffolk  Suffolk

Aberystwyth  Wales 

Vale of Glamorgan  Mid Glamorgan

Cambridge   Norwich

City  London  London

East Midlands  Northamptonshire  East Anglia and North London

Sussex  near Brighton   East Sussex  West Sussex

Central London  Smithfields   St Barts Hospital 

Reading Reading Oxford Slough Berkshire Newbury Thatcham Theale Wokingham Maidenhead

North West  Warrington 

Blaenau Gwent  South Wales

Warrington Cheshire Manchester Liverpool Crewe

Manchester Cheshire North West

St  Leonards On Sea  East Sussex  UK  East Sussex

Oxfordshire  Reading  Bicester  Marlow  High Wycombe  Oxfordshire

London UK city soho essex kent surrey nationwide

Hertfordshire Essex London Bedfordshire

West Midlands Midlands Northamptonshire Oxfordshire Berkshire

London and the South East

Manchester  Manchester

Bolton Greater Manchester North West

Leicester  Midlands

leeds west yorkshire yorkshire and the humber

Southwest London  UK

London Hackney E1 6

Kent East Sussex  East Sussex  Kent

Cambridgeshire  Orton Wistow

Wolverhampton Birmingham Coventry West Midlands

Ashford South East England

Home based with access to West London

98    Manchester  Lancashire

Bristol BATH NEWPORT CARDIFF SWINDON READING MANCHESTER WARRINGTON LIVERPOOL LEICESTER GLOUCESTER BIRMINGHAM PLYMOUTH SOUTHAMPTO

Royston  UK

Oxfordshire Oxford OX2 7BY

Milton Keynes in Bedfordshire  near Buckinghamshire  Huntingdonshire and Hertfordshire  Bedfordshire

Central London  Zone 1

Cumbria   Seascale

Kln England

London E2 E3 E4

Tower Hamlets  London  England  Greater London  East London

Walsall Birmingham Coventry Walsall Warwick Stratford upon Avon Cheltenham Stroud Lichfield Worchester Sutton Coldfield Kiddermi

Portsmouth  Southampton  Guildford  Reading  Hampshire

City of London London City Surrey Kent Herttfordshire Berkshire

Sheffield  doncaster  barnsley  rotherham  chesterfield l

Cambridgeshire Hertfordshire Northamptonshire Bedfordshire Norfolk Lincolnshire

Staffordshire Stoke On Trent Crewe Wrexham Shrewsbury

cheshire

Dyfed  Mid Wales

Manchester Airport Greater Manchester

Berkshire Winnersh RG411

Croydon Reigate Epsom Guildford Farnborough Woking Crawley Brighton Tunbridge Wells Eastbourne Sevenoaks London

Leitrim

Gloucestershire Oxfordshire Worcestershire

Hayes  UK

IMMINGHAM

norfolk Norfolk

London Islington N1 9XW

Multinational

City of London London South East Surrey Kent Hertfordshire Buckinghamshire Berkshire Essex Bedfordshire Watford Luton Dartford G

South East  Suffolk

Thames Valley Reading Oxford Newbury London Paddington Maidenhead Basingstoke Guildford Swindon

London Borough of Wandsworth

All UK

Haverfordwest  Pembrokeshire  Mid Wales  North Wales  South Wales

Central Belt Glasgow

Stratford upon avon

Maldon  Maldon

North London  Hertfordshire

Home Based Leeds Yorkshire Sheffield Harrogate York Hull Newcastle Upon Tyne Darlington Warrington Rochdale North West England N

Aberdeen Kintore 

Kent Surrey London Bromley

West Berkshire London Thames Valley Buckinghamshire Oxfordshire Hampshire Wiltshire

NEWBURY  BERKSHIRE

C London

Shropshire Telford Worcester Gloucester Birmingham Coventry Dudley Walsall Wolverhampton Derby Nottingham Leicester Warwickshire

Surrey  West Sussex

Neath  South Wales

Wellingborough near Northampton in Northamptonshire  Close to Buckinghamshire and Oxfordshire  Northamptonshire  Buckinghamshire

South East England London Reading St Albans Basingstoke Woking

Camberley Surrey England

London Greater London Field Based

Derbyshire Leicestershire Nottinghamshire Warwickshire Lincolnshire Northamptonshire Cambridgeshire

Wiltshire   Tidworth

Cambridge Essex

Nottinghamshire  Nottinghamshire  South Yorkshire

Cardiff South Wales

UK Ely

Northamptonshire UK

Horsham  West Sussex  South East England  West Sussex

Broadway  Worcestershire Worcestershire West Midlands

York Wakefield Bradford Oldham York Whitby Halifax Selby Harrogate Keighley Batley

London Kent

California

Hampshire Southampton Dorset Surrey Berkshire West Sussex

Based in Horsham but you will be required to travel countywide within West Sussex  West Sussex

Hampshire Hampshire

Central London  Oxford Street  London

East Midlands West Midlands East Anglia

Reading  Berkshire  England  South East

Maidenhead  England    Berkshire

irlam warrington  Cheshire

South Wales Bristol  Bristol  South Wales

Crewe  Cheshire  UK

Bedfordshire Milton Keynes Bedford Aylesbury

Chessington Surrey England

Leatherhead 

London South East Kent Surrey Middlesex Essex Hertfordshire Buckinghamshire

Birmingham  London  Manchester  Leeds  Bristol  UK

Welwyn Garden City Hertfordshire Greater London

Nottingham or London  Nottinghamshire

Cambridgeshire  East Anglia  Cambridgeshire

London   Victoria

Reigate Surrey Croydon Epsom Reading Woking South London Kent Crawley

West Sussex  England    West Sussex

Bradford Leeds Halifax

East Sussex  Hastings  Oxfordshire  Surrey  West Sussex

London Kent Surrey West Sussex East Sussex

North London  Essex  Bedford  Hertfordshire  London  East London

3 days Croydon   2 days City  London

Bodmin  Cornwal

Northampton  Northamptonshire  East Midlands  Northamptonshire

Home based  Gateshead  North East  North

South East England Hampshire London Surrey South East

Hastings   East Sussex

Berkshire Home Based

Rowland s Castle Hampshire South East

Isle Of Wight  Channel Islands

Central West London    Greater London  Central London  West London

DE1  Derbyshire

Leamington Spa Coventry Birmingham Leicester West Midlands

Fareham  South East

Stevenage  Hertfordshire  Hertfordshire

Hertfordshire St Albans

Uxbridge Slough Harrow Maidenhead Watford High Wycombe

National   Midlands  Home Counties  Thames Valley  South

ST NEOTS

West Midlands England

Edinburugh

Sheffield Rotherham Doncaster Leeds Barnsley Chesterfield Hull Huddersfield

East London  Greater London  East London  Essex

UK Brentford

Reading Maidenhead Swindon Basingstoke

Midlands Fully Mobile

Southern Home Counties  Greater London  Central London  East London  North London  South London  West London

West Midlands  England 

Surrey Kingswood KT206

Newcastle upon Tyne Sunderland Morpeth Durham Darlington

Reading Oxford Witney Abingdon Aylesbury Newbury

Warwickshire Atherstone CV9 1

ISLEWORTH

London Greater London South East Home Counties Home Based

Winchester OR Daventry

Lichfield Leicester Peterborough Birmingham Cheltenham Oxford Stoke On Trent Manchester Sheffield Leeds Liverpool London

South West London South West London

West Sussex South East England

NW London  Middlesex

London Cambridge

W1B 1LU  England

London Borough of Haringey  Greater London  Central London  East London  North London  South London  West London

Bradford   West Yorkshire

Guildford Crawley Maidstone Brighton

Warrington Manchester Cheshire Chester Liverpool Ellesmere St Helens Wigan Runcorn

Inverness  Scotland 

Nr Newark

Stafford  Midlands

London South East Watford Luton

Bradford Huddersfield Wakefield Halifax

City of London EC3

EPPING  ESSEX

Leeds Bradford Halifax Sheffield Wakefield Huddersfield

BRISTOL  Bristol  Mid Wales  North Wales  South Wales

Haywards Heath London Brighton Worthing Eastbourne Crawley Horley Redhill East Grinstead Tunbridge Wells Burgess Hill Uckfield H

Tuscany

Luton  Greater London  Leicestershire  Northamptonshire  Cambridgeshire  Bedfordshire  Buckinghamshire  Hertfordshire

Oxfordshire Wantage OX127

Aberdeen Dyce Danestone Scotland

Dudley  London  Birmingham  Manchester  Plymouth  Southampton  Bristol  Swansea  Oxford  Brighton  Norwich  Derby  Exeter  Liver

132  UK  Falmouth  South West

Bedfordshire Buckinghamshire Cheshire Dorset Essex Gloucestershire Hampshire Hertfordshire Lancashire London Merseyside Oxfordsh

Lowestoft Suffolk Norwich Great Yarmouth Kessingland Hemsby Hales Beccles Halesworth Harleston Catfield Southwold Aldeburgh East

exeter  Devon

South Coast  Surrey  West Sussex

Kerry

Tamworth   Staffordshire

Leicestershire  UK

Bristol Bath Cardiff

Trowbridge  Wiltshire  England  South West

Eastbourne Brighton

Bristol or Bournemouth  South West

Chepstow  South Wales

Welburn

North East Region

UK Ilford

Brighton Eastbourne East Sussex

Reading   South East

BASINGSTOKE

Preferably Loughborough or London

UK Torquay

Manchester Liverpool Preston Warrington

South East Office 

Isle of Wight  Isle of Wight  Isles of Scilly  Channel Islands  Isle of Man

HAVERFORDWEST  PEMBROKESHIRE

Croydon London Hampshire South East Bristol Birmingham Sheffield

London South East London South East London Gillingham Gravesend Kent Dartford West Malling Maidstone Tunbridge Wells Ashford Sev

Seaford  East Sussex

Warrington Manchester Liverpool Wigan

Milton Keynes Oxford Northampton Aylesbury Coventry Luton Rugby Banbury

Gatwick West Sussex England

Thames Valley  West Midlands

Orkney Orkney Islands Scotland

Oxfordshire berkshire Oxford Wiltshire Swindon Cheltenham Milton Keynes

North West England North West England Lancashire Cheshire Manchester Merseyside Cumbria North Wales

Cumbria 

Staffordshire Shropshire Derbyshire Cheshire Lancashire

Cambridge East Midlands

Middlesex Surrey border

Hampshire East Sussex West Sussex Surrey Kent

Birmingham  Quinton 

Yeovil  Somerset  Somerset

South Lincolnshire  Leicestershire  Lincolnshire  Northamptonshire  Cambridgeshire  Norfolk

78  UK  Derby  Derbyshire

Hammersmith and Fulham Hammersmith

North   North East

Nottingham Nottinghamshire Derbyshire Leicestershire Staffordshire West Midlands South Yorkshire Derby

London  UK  England

Wiltshire Hampshire

Slough  Slough

Derby Kegworth Long Eaton Nottingham Hucknall Leicester Loughborough Burton On Trent Chesterfield Birmingham East Midlands Sheff

North East  Scotland  England

Hayes  South East

Chelsea  London  Greater London  Central London  South London  West London

Central London  London  Hounslow  Slough  Cambridge  croydon  watford 

M62 Corridor  Manchester   Leeds  Greater Manchester

Fylde Coast

Midlands and North

Burton on Trent  West Midlands

Denmark  Greater London

Yorkshire Welburn YO607

Hammersmith and Fulham  Greater London  West London

127  England  London  London

London  Waterloo

Cumbria  UK

Aldershot  Hampshire  Surrey

London   SW1

Based in London W6

England UK London Manchester Birmingham Bristol National Field Based

OLDBURY  Gloucestershire

Sheffield Leeds Manchester Bolton Huddersfield Blackburn Wigan Derby Birmingham

North England Lancashire Sefton Wirral

Leicestershire Wycombe

EC2A

North East Lincolnshire  Humberside

London South Uk

Alfreton  England

East London  UK

National  UK

South of England 

St Albans Hertfordshire England

Sligo

Aldgate

Thames Valley Oxford Reading

Maidstone Kent

Midlands North West 

Uk London Birmingham Bristol Oxford Cambridge South England M25 Cardiff Northamptonshire Home Counties

Chippenham Near Bristol in Avon  Close to Wiltshire  Gloucestershire and Somerset  Bristol  Gloucestershire  Somerset  Wiltshire

Swindon  UK

Hampshire Hampshire   Winchester   Portsmouth   Southampton   Eastleigh

Newport  Isle of Wight  Isle of Wight

Berkshire Windsor Maidenhead Slough High Wycombe Reading Buckinghamshire West London Ealing Southall

Hackney  Tottenham  Marylebone  Hampstead  Stratford  Enfield  Finchley  Wembley

Bedford Cambridge Northampton Milton Keynes Stevenage Colchester Peterborough

London Knightsbridge

North Rhine Westphalia

Nottingham Nottinghamshire Derbyshire Leicestershire West Midlands South Yorkshire Lincolnshire

Staffordshire  England  West Midlands

Enfield  West Midlands

Jordanstown  Coleraine

Guildford Woking Farnborough Weybridge Camberley Staines Epsom Farnham Bracknell Surrey West Sussex Berkshire Hampshire London N

Maldon 

Kent Tunbridge Wells TN1 1

Lingfield  Surrey RH7 6PW

North West England Yorkshire East Midlands

South East London   East Surrey

Colchester  Essex  England  Essex

Catterick Garrison  North Yorkshire

Central Belt  Scotland

Clacton on Sea  England

North West  London

Fulham London

Brighton Eastbourne Hastings Burgess Hill Lewes Haywards Heath Horsham Littlehampton Worthing Shoreham Lancing Hove Hassocks New

aberdeen  UK

Central London  Central London

London and surounding

BEDFORD  BEDFORDSHIRE

Reading And Surrounding Areas  Berkshire

Dunbartonshire Scotland

UK Chiswick  London

Cambridge  Reading

Kent  Surrey

London   North  London

Dorset Avon

Kettering  West Midlands

Bury St Edmunds Braintree

Balerno  Currie  Dalmeny  Edinburgh  Kirkliston  Leith  Ratho  South Queensferry

Leamington Spa  West Midlands

Bristol Bath Cheltenham Cardiff Newport Chippenham Gloucester Taunton Weston Super Mare

Manchester  GB ENG

BIrmingham  West Midlands

Birmingham  West Midlands  England

SUFFOLK  East Anglia

Southampton  Winchester

Brentford Middlesex England

Construction and Project Management  South West

Newcastle Upon Tyne Sunderland Durham Gateshead Scotland Edinburgh Midlothian East Lothian Glasgow Lanarkshire Perthshire Stirli

Nottingham Leicester

Rochdale Greater Manchester England

Beccles Suffolk Beccles Suffolk

Welwyn Garden City  South East

Manchester Liverpool Leeds Stoke Stafford

Angel  Central London

Essex Colchester

LLandudno  Wales

Plymouth  Cornwall  Devon

Flexible

Liverpool  Cheshire  Lancashire

North  West  England

MANCHESTER  North West

Leeds   North West

Scunthorpe  Lincoln  Gainsborough  Grimsby  Louth  Lincol

Crawley Horsham East Grinstead Leatherhead Haywards Heath Tunbridge Wells Tonbridge

Falkland

Bromley Croydon

Manchester  Greater Manchester  Merseyside

Manchester London Birmingham Plymouth Southampton Bristol Swansea Oxford Brighton Norwich Derby Exeter Liverpool Newcastle Upon 

Lancashire  Cheshire  Greater Manchester  Lancashire  Merseyside

South Gloucestershire  Bristol

Leeds West Yorkshire South Yorkshire North Yorkshire Bradford Huddersfield Hull York

Wakefield Yorkshire Leeds

Bedfordshire  West Midlands

Northants  Northamptonshire

Bedfordshire Ampthill

Near Oxford Street

South East Home Counties Thames Valley  South East Home Counties Thames Valley

Staffs

SALISBURY  Wiltshire

Chester  Merseyside

Surrey with UK and European travel  Surrey

London  Hertfordshire

Droitwich Herefordshire England

GREAT YARMOUTH

Northumberland Cumbria Durham Dumfries Galloway Scottish Borders Lanarkshire Lothian

Gloucestershire   M5 corridor

Thanet  Kent

Cheshire  Cumbria  Lancashire  Manchester  Merseyside

London   EC2

DE24 8HS

Cardiff  Wales 

Various locations across the South  Hampshire  Surrey  Dorset

Enstone  Oxfordshire

Derbyshire Cheshire Staffordshire Buxton Macclesfield Stockport Manchester

reading  Berkshire

Islington London England

Denbighshire  North Wales

HOUNSLOW

Birmingham UK

Based in Brentwood

Sussex St  Leonards on sea TN376

London  EC1V 0DU

Oxford  London

Tyne and Wear Newcastle upon Tyne Durham Sunderland

Bristol Cirencester

Home based contract   weekly visits to customer   sites required

South East England London England Home Counties Surrey Middlesex Hampshire

Camberwell  London

NORWICH  Norfolk

Newport Wales

Sussex Chichester

Cardiff  Bath North East Somerset  Bristol  Gloucestershire  Somerset  Mid Wales  North Wales  South Wales

Cambridge Peterborough Bedford Ipswich Norwich Chelmsford Northampton Luton Harlow

Great Yarmouth Offshore  Norfolk

Aberdeenshire  East Central Scotland

Crawley   Three Bridges  West Sussex

South East England Uk Middlesex Hertfordshire Surrey East Sussex London Kent Oxford Buckinghamshire Berkshire West Sussex

Nottingham  Sheffield  Lincoln  Leicester  Chesterfield

Leicestershire Derby Coventry Leicester Nottingham Northampton

Doncaster Leeds Huddersfield Bradford Wakefield Newcastle Upon Tyne Sunderland Durham Middlesbrough Hull York Darlington Scotlan

Aberdeen Scotland Inverness Glasgow

London  Newport  Brighton

Based Oxfordshire covering the Thames Valley region

North London  Greater London  North London  West London

Uxbridge  England 

The job will ideally be office based in Nottingham  with travel to clients for meetings

Scotland   Fife

North Wales Powys Conwy Flintshire Gwynedd Denbighshire Bangor Caernarfon Isle Of Anglesey Llandudno Caernarfonshire Chester Wre

West Byfleet Surrey England

Nottingham  Northamptonshire

London  North West  Bristol  Glasgow  Edinburgh

Herefordshire  Herefordshire  Shropshire  Staffordshire  Warwickshire  Worcestershire

UK Teeside

Youngstown

London Oxfordshire Buckinghamshire Berkshire

North   West Midlands

Ebbe Vale

Scottish Borders  The  Scottish Borders  The

Whitney  Oxfordshire  Oxfordshire

Cavan  County Cavan County Cavan Ulster

Warwick Warwickshire West Midlands Birmingham

Kent   Whitstable

City of London North West London Middlesex Hertfordshire Buckinghamshire

City of London City of London London

Norwich Ipswich Colchester Cambridge Peterborough

Swindon 

Hertfordshire   North London Office

South East Regoin  Berkshire  Buckinghamshire  Hertfordshire  Oxfordshire  Surrey

Haverford West

City EC1  London

Gillingham  Dorset Dorset South West

Berkshire Reading Bracknell Wokingham Maidenhead Slough Basingstoke Oxford

dudley  London  Birmingham  Manchester  Plymouth  Southam

Newcastle  Newry 

Croydon Reading London East Sussex Essex Middlesex Kent Surrey Uxbridge Luton Guildford Buckinghamshire Wandsworth Rickmansworth

Newcastle upon Tyne Durham Sunderland

London Manchester Any UK

London National

Bracknell  Berkshire  Berkshire

Castle Donnington  East Midlands Airport  Derbyshire

Uxbridge Harrow Slough Maidenhead Watford High Wycombe

Surrey Redhill Reigate Dorking Crawley Sutton Epsom Horley Croydon

Alness Ross Shire Scotland

Up to 55 000 Plus Package

YORK  England

Leicestershire  England    Derbyshire  Leicestershire  South Yorkshire

Waltham Leicestershire    Leicestershire

newcastle upon tyne tyne wear Newcastle upon Tyne

Surrey Chertsey KT160

Yeovil  Somerset  S  W  England Somerset England

London Reading Thames Valley

South East South East London Stratford Docklands Grays Thurrock Dartford Southend Colchester Ashford Basildon Dagenham Essex Sit

Risley  Warrington   Manchester  North West

Sheffield  Barnsley  South Yorkshire

Birmingham Coventry Worcester Stoke On Trent

Sizewell B  Suffolk

Reading  Berkshire  South East 

Kingston Upon Thames Surrey London

Leicester  Derby  Nottingham  Coventry  Northampton  East

Kent Surrey Sussex London

East Midlands Derby Nottinghamshire Birmingham Midlands

Celtic Region  Scotland

Antwerp  Non UK

Great Portland Street

Christchurch New Zealand  Non UK

Boldon Colliery  Tyne and Wear  North East England  Tyne Wear

Woolwich  Greater London  England  South East

London  Berkshire  Surrey  Middlesex  Maidenhead  Hampshire  Reading  Guildford  Kent  Weybridge

html and agile and  mobile ios android  and  node js njs bbjs backbone node moo mootools closure ext sencha git  html and agile 

Bristol Newbury Basingstoke Abingdon

Hampton  Peterborough  Cambridgeshire

Liverpool  England  Cheshire  Greater Manchester  Merseyside

HOMEBASED

Northamptonshire Northampton Bedford Peterborough Leicester Leicestershire Milton Keynes Cambridge Kettering Market Harborough R

Somerset Taunton Bridgwater Yeovil Weston Super Mare Street Glastonbury Shepton Mallett

Gwynedd   Blaenau Ffestiniog

Hampshire  South East  UK

West London Slough Ealing Isleworth Berkshire

Preston Wigan Blackburn Lancaster Blackpool

London NW1  

London s City

Oldbury  near Bristol 

Home based with travel in the North East

   Surrey

Halifax  England    West Yorkshire

North West London Ealing Middlesex Chertsey Hillingdon

North Wales  Clwyd

Kingswood  Surrey

411  UK  National  UK

City of London England

Leicester Warwick Rugby Northampton Derby Nottingham Leamington Spa Coventry Nuneaton Bicester Banbury Kettering Corby Leicester

East Midlands Northamptonshire

Edinburgh  City of Edinburgh  Scotland  Scotland

Bedford West London

South East London South East Surrey Kent Essex Hampshire Buckinghamshire Berkshire Hertfordshire Essex Middlesex Staines Slough 

Connacht

Staines  Slough  Sunbury On Thames  Egham  Hounslow

Yorkshire   The Humber

West Yorkshire North of England with UK travel

Surrey West Sussex Redhill Crawley Croydon The City

St  Helens Merseyside England

Reigate Surrey England

Welwyn Garden City  London

GUILDFORD  South East

London Reading Nationwide Milton Keynes Northampton Leicester Coventry Birmingham Nottingham Derby Stoke On Trent Oxford Cambrid

South Coast Hampshire Portsmouth Brighton Southampton Guildford West Sussex Surrey Bournemouth Redhill

Ely Haddenham Littleport Soham

bracknell

London   SE1

121  UK  Hove  East Sussex

97  UK  Oldham  Greater Manchester

 Bury St Edmunds Braintree  LPN  Sundridge 

Buckinghamshire Oxfordshire Swindon Newbury West London

England UK Benelux

Skelton  North

East London  East London

Uxbridge  Milton Keynes

Lanarkshire Lanark Glasgow East Kilbride Hamilton Motherwell Coatbridge Carluke

North East England North West England Yorkshire East Midlands West Midlands

London South East South London Hampshire Surrey

Redhill  Surrey  London  Croydon  Surrey

City  England

Edinburgh Scotland Glasgow

South East England  Specified

The Midlands  East Midlands

Reading Basingstoke Oxford Slough Camberley Newbury

To be confirmed

Manchester Liverpool Stockport North West England Rochdale Blackburn Burnley Blackpool Preston Wigan Warrington

West End  Greater London

Portsmouth  Hampshire  England  Hampshire

Kent Essex Hertfordshire Bedfordshire Berkshire Hampshire West Sussex East Sussex Surrey London

Office Based in South East London

Milton Keynes  Bristol  Birmingham  Leeds  Cambridge or London

Beccles Suffolk

London Cambridge Slough

West Hampstead North London

East Midlands East London South England South East England Coast West Midlands

Luton  Derbyshire  Leicestershire  Lincolnshire  Northamptonshire  Nottinghamshire  Cambridgeshire  Essex  Norfolk  Suffolk  Bed

Surrey Epsom

Shetland Islands Scotland

Cheshire  England

Woking Surrey Guildford Leatherhead Chertsey Godalming Bracknell Berkshire Farnborough Fleet Hampshire

Surrey London South East Field Based

Middle East   Tax Free

Surrey Cambridge Berkshire Essex Oxfordshire Sussex Kent

Liverpool Warrington Chester Manchester

Glasgow Paisley East Kilbride Kilmarnock Douglas Cumbernauld Hamilton Rutherglen Giffnock Bearsden Wishaw Strathblane Bathgate D

Balerno Currie Dalmeny Edinburgh Kirkliston Leith Ratho South Queensferry Edinburgh

Darlington  Tyne   Wear

west bromwich west midlands West Bromwich

Swindon  England  Northamptonshire  Wiltshire

London South England

Birmingham Stafford Walsall

Heyshott  West Sussex

Cumbria Carlisle Whitehaven Workington Penrith Keswick Brampton

Ipswich  Suffolk  East of England Suffolk England

Eye  Suffolk

Bournemouth  Castlepoint  Dorset  South West  England  Poole  Dorset

Gloucester Brockworth  Gloucestershire

Milton Keynes Bedfordshire Buckinghamshire Northampton Brackley Buckingham Newport Pagnell Bletchley Leighton Buzzard Luton Cran

North East England  North Yorkshire

Azerbaijan  Non UK

UK WIDE   UK WIDE

London W1W

Reigate Leatherhead South Croydon Crawley Epsom

Crawley  England  West Sussex

Hemel Hempstead Watford

Leighton Buzzard Bedfordshire Oxfordshire Northamptonshire Hertfordshire Berkshire North London Stevenage Brackley Bristol Luton

Cambridgeshire Cambridgeshire Lincolnshire Northamptonshire Peterborough Wisbech Spalding Corby Cambridge Huntingdon Stamford

Middlesex Hertfordshire Berksire London

London and South East  South East

St  Albans Hertfordshire London Bromley Kent Maidstone Colchester Essex

West Durrington  West Sussex

Cambridge Edinburgh London Oxford Southampton Bristol

NW London  South East

Marske  North

ROYSTON

Hertford Hertfordshire England

East Midlands Derby Nottinghamshire Midlands Birmingham

Plymouth  Cornwall  Devon  Dorset  Gloucestershire

Llanberis North Wales Anglesey Chester Liverpool Caernarfon Bangor Wales Uk

Worthing  West Sussex  West Sussex

Nottingham City Centre  with travel to clients for meetings throughout the UK when required 

Midlands  Scotland

Potters Bar Cambridge

Bedford  Derbyshire  Leicestershire  Lincolnshire  Northamptonshire  Nottinghamshire  Cambridgeshire  Essex  Norfolk  Suffolk  B

Bradford  Dewsbury  Huddersfield  Leeds and Wakefield  We

Cirencester Cheltenham  Gloucestershire

Pembury

South West England  England    Somerset  South Wales

Nationwide  Leicestershire

Kent Bexley DA5 1

Penrith Cumbria

Helensburgh  Argyll  UK

UK   UK

North London   Hertfordshire Office

Norwich  England  Norfolk  Suffolk

Wales  Bristol  Gloucestershire

Hertfordshire Stevenage Royston Cambridge

North London region  Greater London  North London

BIRMINGHAM West Midlands

warrington  north west  UK

South East Region  Greater London  Bedfordshire  Berkshire  Buckinghamshire  East Sussex  Hampshire  Hertfordshire  Kent  Bristo

Falkirk 

North West England North West England  Warrington  Cheshire  Preston  Chorley  Lancashire

Crewe York  England  UK

North Nottinghamshire  Nottinghamshire

Cheltenham  Cheltenham

Bedfordshire Bedford Luton Milton Keynes Cambridge Northampton Stevenage Peterborough

Home Based Nottinghamshire Derby Yorkshire Midlands Leicestershire

Farnborough Aldershot Camberley Fleet Woking Farnham

Leeds  North

County Sligo Connaught

Irthlingborough  Northamptonshire

Kingston Upon Thames  Surrey  Surrey

Oxford Oxford   Aylesbury   Reading   Swindin   Cheltenham

East London region  Greater London  East London

BRENTFORD

Berkshire  Specified

Surrey   South London

Lewisham  Lewisham  London

East Sussex South East England Kent Surrey

Hertfordshire  England  Bedfordshire  Buckinghamshire  Hertfordshire

Cardiff Wales

West London Berkshire Middlesex Surrey London

Beaconsfield  Uxbridge  Slough  West Drayton  Middlesex

Scotland Aberdeen City

north

UK SOUTH WEST  South West

South Wales  Wales    South Wales

London London W1 Central London West London

Dorset  Hampshire

Home based with travel

Amersham Amersham   UK Wide

SL7 Marlow Maidenhead Reading Berkshire Buckinghamshire Middlesex South East England London Home Counties

South West England bournemouth southampton winchester brighton portsmouth basingstoke guildford croydon

South East Surrey Kent Bucks London South East Surrey Kent Bucks London

Abingdon Oxford

Sheffield Rotherham Chesterfield Doncaster Barnsley

Woolwich Greater London

Plymouth and South West  South West

Bedfordshire Ampthill Bedford Luton

Raymore

Chessington Greater London London

Lancashire  Greater Manchester  Lancashire

Avon Bristol England

Commutable from  Woodbridge  Ipswich  Stowmarket  Leiston

Ulster IE Counties

Warwickshire  UK

Mechanical Draughtsman   6 months minimum   25 32 p h

City of London London Hertfordshire Kent Reading Surrey Sussex Middlesex Slough Nottingham Birmingham Edinburgh Manchester

SOHO

Basingstoke Reading Fleet Camberley Windsor

Northamptonshire   Northamptonshire

Ashford   Near Canterbury  Folkestone  Maidstone  Tunbridge Wells  Kent

Wales  South Wales

West Byfleet Woking Weybridge

North West or West Midlands  North West

Oxford Didcot Bicester Abingdon Newbury Reading Swindon Aylesbury

Bromley  England  Kent

London richmond Ealing Acton Kew Chiswick Putney Fulham Wimbledon Kensington Shepherds Bush Greenford Paddington Notting hill Kn

Chichester  West Sussex  Oxfordshire  Surrey  West Sussex

Various locations  West Sussex

Dumfries  Dumfries Galloway  South West Scotland  Borders South Scotland

Nottingham Derby Burton On Trent Swadlincote Ashby De La Zouch Coalville Stafford Tamworth Foston Uttoxeter Stoke On Trent

France Paris

Berkshire Northamptonshire Oxfordshire Midlands

Harrow Middlesex England

Barrow In Furness  Lancashire

London West Midlands LONDON LUTON CROYDON ENFIELD

Dorset  Hampshire  Wiltshire Berkshire

Scotland Yorkshire North East England Cumbria Leeds Newcastle Upon Tyne Edinburgh Glasgow

Glasgow  Scotland  UK

Kent  Greater London  South London  Kent

Petersfield Portsmouth

South East  Midlands  North East  North West

Cumbria Penrith Carlisle Keswick Lancashire

Peterborough  England    Cambridgeshire  Oxfordshire

Office based Oxfordshire Buckinghamshire

Uk Nationwide London Swindon Bristol Birmingham Coventry Northampton Nottingham Stoke On Trent Manchester Liverpool Leeds Sheffi

Wales    Greater London  Central London  Bristol

UK Wide  North West

South Glamorgan Not Specified

Watford  London  Chelmsford  Colchester  Bromley  Maidstone

Buckinghamshire or Hampshire  UK

County Armagh Northern Ireland

46 000   54 138 including 10  Location Pay

